-- phpMyAdmin SQL Dump
-- version 5.2.0
-- https://www.phpmyadmin.net/
--
-- Hôte : database
-- Généré le : sam. 17 déc. 2022 à 17:28
-- Version du serveur : 8.0.31
-- Version de PHP : 8.0.19

SET SQL_MODE = "NO_AUTO_VALUE_ON_ZERO";
START TRANSACTION;
SET time_zone = "+00:00";


/*!40101 SET @OLD_CHARACTER_SET_CLIENT=@@CHARACTER_SET_CLIENT */;
/*!40101 SET @OLD_CHARACTER_SET_RESULTS=@@CHARACTER_SET_RESULTS */;
/*!40101 SET @OLD_COLLATION_CONNECTION=@@COLLATION_CONNECTION */;
/*!40101 SET NAMES utf8mb4 */;

--
-- Base de données : `hamsterauto`
--

-- --------------------------------------------------------

--
-- Structure de la table `controle_tech`
--

CREATE TABLE `controle_tech` (
  `id_controle` int NOT NULL,
  `num_tech` int DEFAULT NULL,
  `id_user` int DEFAULT NULL,
  `id_vehicule` int NOT NULL,
  `time_slot` int NOT NULL,
  `booked_date` datetime NOT NULL DEFAULT CURRENT_TIMESTAMP,
  `state` int NOT NULL,
  `report` longtext,
  `pv` varchar(255) DEFAULT NULL
) ENGINE=InnoDB DEFAULT CHARSET=utf8mb3;

--
-- Déchargement des données de la table `controle_tech`
--

INSERT INTO `controle_tech` (`id_controle`, `num_tech`, `id_user`, `id_vehicule`, `time_slot`, `booked_date`, `state`, `report`, `pv`) VALUES
(63, NULL, 23, 44, 1671433200, '2022-12-17 18:18:37', 0, NULL, NULL),
(64, NULL, 24, 45, 1671433200, '2022-12-17 18:19:02', 0, NULL, NULL),
(65, NULL, 25, 46, 1671433200, '2022-12-17 18:19:47', 0, NULL, NULL),
(66, NULL, 26, 47, 1671444000, '2022-12-17 18:20:35', 0, NULL, NULL),
(67, 0, 18, 48, 1671440400, '2022-12-17 18:26:10', 4, '', '');

-- --------------------------------------------------------

--
-- Structure de la table `login_attempts`
--

CREATE TABLE `login_attempts` (
  `id_login_attempt` int UNSIGNED NOT NULL,
  `id_user` int NOT NULL,
  `email_user` varchar(50) CHARACTER SET utf8mb4 COLLATE utf8mb4_unicode_ci NOT NULL,
  `remote_ip` varchar(255) CHARACTER SET utf8mb4 COLLATE utf8mb4_unicode_ci NOT NULL,
  `generated_at` timestamp NULL DEFAULT CURRENT_TIMESTAMP
) ENGINE=InnoDB DEFAULT CHARSET=utf8mb3;

-- --------------------------------------------------------

--
-- Structure de la table `marques`
--

CREATE TABLE `marques` (
  `id_marque` int NOT NULL,
  `nom_marque` varchar(255) NOT NULL
) ENGINE=InnoDB DEFAULT CHARSET=utf8mb3;

--
-- Déchargement des données de la table `marques`
--

INSERT INTO `marques` (`id_marque`, `nom_marque`) VALUES
(1, 'AUDI'),
(2, 'BMW'),
(3, 'CITROEN'),
(4, 'FIAT'),
(5, 'FORD'),
(6, 'MERCEDES'),
(7, 'OPEL'),
(8, 'PEUGEOT'),
(9, 'RENAULT'),
(10, 'TOYOTA'),
(11, 'VOLKSWAGEN'),
(12, 'AIWAYS'),
(13, 'ALEKO'),
(14, 'ALFA ROMEO'),
(15, 'ALPINE RENAULT'),
(16, 'ARO'),
(17, 'ASIA'),
(18, 'ASTON MARTIN'),
(19, 'AUSTIN'),
(20, 'AUTOBIANCHI'),
(21, 'AUVERLAND'),
(22, 'BEDFORD'),
(23, 'BEE BEE AUTOMOT'),
(24, 'BERTONE'),
(25, 'BOLLORE'),
(26, 'BUICK'),
(27, 'CADILLAC'),
(28, 'CHEVROLET'),
(29, 'CHRYSLER'),
(30, 'CORVETTE'),
(31, 'CUPRA'),
(32, 'DACIA'),
(33, 'DAEWOO'),
(34, 'DAF'),
(35, 'DAIHATSU'),
(36, 'DALLAS'),
(37, 'DATSUN'),
(38, 'DODGE'),
(39, 'DS'),
(40, 'FERRARI'),
(41, 'FSO'),
(42, 'FUSO'),
(43, 'GAC GONOW'),
(44, 'GME'),
(45, 'GRANDIN'),
(46, 'HONDA'),
(47, 'HOTCHKISS'),
(48, 'HUMMER'),
(49, 'HYUNDAI'),
(50, 'INFINITI'),
(51, 'INNOCENTI'),
(52, 'ISUZU'),
(53, 'IVECO'),
(54, 'JAGUAR'),
(55, 'JEEP'),
(56, 'KIA'),
(57, 'LADA'),
(58, 'LANCIA'),
(59, 'LAND ROVER'),
(60, 'LDV'),
(61, 'LEXUS'),
(62, 'LOTUS'),
(63, 'MAHINDRA'),
(64, 'MAN'),
(65, 'MARUTI'),
(66, 'MASERATI'),
(67, 'MATRA'),
(68, 'MAZDA'),
(69, 'MEGA'),
(70, 'MG'),
(71, 'MGF'),
(72, 'MIA'),
(73, 'MINI'),
(74, 'MITSUBISHI'),
(75, 'MORGAN'),
(76, 'MPM MOTORS'),
(77, 'NISSAN'),
(78, 'PANHARD'),
(79, 'PGO'),
(80, 'PIAGGIO'),
(81, 'POLSKI-FSO'),
(82, 'PONTIAC'),
(83, 'PORSCHE'),
(84, 'PROTON'),
(85, 'ROLLS ROYCE'),
(86, 'ROVER'),
(87, 'SAAB'),
(88, 'SANTANA'),
(89, 'SEAT'),
(90, 'SIMCA'),
(91, 'SKODA'),
(92, 'SMART'),
(93, 'SSANGYONG'),
(94, 'SUBARU'),
(95, 'SUZUKI'),
(96, 'TALBOT'),
(97, 'TATA'),
(98, 'TAVRIA'),
(99, 'TEILHOL'),
(100, 'TESLA'),
(101, 'THINK'),
(102, 'TRIUMPH'),
(103, 'UMM'),
(104, 'VOLVO'),
(105, 'WILLYS'),
(106, 'ZASTAVA'),
(107, 'AUTRE');

-- --------------------------------------------------------

--
-- Structure de la table `modeles`
--

CREATE TABLE `modeles` (
  `id_modele` int NOT NULL,
  `id_marque` int NOT NULL,
  `nom_modele` varchar(255) NOT NULL
) ENGINE=InnoDB DEFAULT CHARSET=utf8mb3;

--
-- Déchargement des données de la table `modeles`
--

INSERT INTO `modeles` (`id_modele`, `id_marque`, `nom_modele`) VALUES
(1, 1, '100'),
(2, 1, '200'),
(3, 1, '80'),
(4, 1, '90'),
(5, 1, 'A1'),
(6, 1, 'A1 II'),
(7, 1, 'A2'),
(8, 1, 'A3'),
(9, 1, 'A3 IV'),
(10, 1, 'A3 SPORTBACK'),
(11, 1, 'A4'),
(12, 1, 'A4 III - IV'),
(13, 1, 'A4 V'),
(15, 1, 'A5 SPORTBACK'),
(16, 1, 'A6'),
(18, 1, 'A6 IV'),
(19, 1, 'A6 V'),
(20, 1, 'A7'),
(21, 1, 'A8'),
(24, 1, 'COUPE'),
(25, 1, 'E-TRON'),
(26, 1, 'Q2'),
(27, 1, 'Q3'),
(28, 1, 'Q3 II'),
(29, 1, 'Q4 E-TRON'),
(30, 1, 'Q5'),
(31, 1, 'Q7'),
(32, 1, 'Q8'),
(33, 1, 'QUATTRO'),
(34, 1, 'RS3'),
(35, 1, 'RS3 IV'),
(36, 1, 'RS4'),
(37, 1, 'RS5'),
(38, 1, 'RS6'),
(39, 1, 'S1'),
(40, 1, 'S3'),
(41, 1, 'S3 IV'),
(42, 1, 'S3 SPORTBACK'),
(43, 1, 'S4'),
(44, 1, 'S5'),
(45, 1, 'S6'),
(46, 1, 'S6 V'),
(47, 1, 'S7'),
(48, 1, 'S7 II'),
(49, 1, 'S8'),
(50, 1, 'TT'),
(51, 1, 'V8'),
(52, 2, '315'),
(53, 2, '316'),
(54, 2, '318'),
(55, 2, '320'),
(56, 2, '323'),
(57, 2, '324'),
(58, 2, '325'),
(59, 2, '328'),
(60, 2, '330'),
(61, 2, '518'),
(62, 2, '520'),
(63, 2, '523'),
(64, 2, '524'),
(65, 2, '525'),
(66, 2, '528'),
(67, 2, '530'),
(68, 2, '535'),
(69, 2, '540'),
(70, 2, '545'),
(71, 2, '550'),
(72, 2, '628'),
(73, 2, '630'),
(74, 2, '635'),
(75, 2, '645'),
(76, 2, '650'),
(77, 2, '725'),
(78, 2, '728'),
(79, 2, '730'),
(80, 2, '732'),
(81, 2, '735'),
(82, 2, '740'),
(83, 2, '745'),
(84, 2, '750'),
(85, 2, '840'),
(86, 2, '850'),
(87, 2, 'I3'),
(88, 2, 'IX'),
(89, 2, 'M2'),
(90, 2, 'M3'),
(91, 2, 'M4'),
(92, 2, 'M5'),
(93, 2, 'M535'),
(94, 2, 'M635'),
(95, 2, 'SERIE 1'),
(96, 2, 'SERIE 1 II'),
(97, 2, 'SERIE 1 III'),
(98, 2, 'SERIE 2'),
(99, 2, 'SERIE 2 II'),
(100, 2, 'SERIE 3'),
(101, 2, 'SERIE 3 VI'),
(102, 2, 'SERIE 3 VII'),
(103, 2, 'SERIE 4'),
(104, 2, 'SERIE 4 II'),
(105, 2, 'SERIE 5'),
(106, 2, 'SERIE 6'),
(108, 2, 'SERIE 8'),
(109, 2, 'X1'),
(110, 2, 'X2'),
(111, 2, 'X3'),
(112, 2, 'X4'),
(113, 2, 'X4 II'),
(115, 2, 'X5 IV'),
(116, 2, 'X6'),
(117, 2, 'X6 III'),
(118, 2, 'X7'),
(120, 2, 'Z3'),
(121, 2, 'Z4'),
(123, 3, 'ACADIANE'),
(124, 3, 'AMI'),
(126, 3, 'AXEL'),
(127, 3, 'BERLINGO'),
(128, 3, 'BERLINGO II'),
(129, 3, 'BERLINGO III'),
(130, 3, 'BX'),
(131, 3, 'C1'),
(132, 3, 'C15'),
(133, 3, 'C2'),
(134, 3, 'C25'),
(135, 3, 'C25 COMBI'),
(136, 3, 'C3'),
(137, 3, 'C3 AIRCROSS'),
(138, 3, 'C3 II'),
(139, 3, 'C3 III'),
(140, 3, 'C3 PICASSO'),
(141, 3, 'C3 PLURIEL'),
(142, 3, 'C35'),
(143, 3, 'C4'),
(146, 3, 'C4 II'),
(147, 3, 'C4 III'),
(148, 3, 'C4 PICASSO'),
(149, 3, 'C4 PICASSO II'),
(150, 3, 'C4 SPACETOURER'),
(151, 3, 'C5'),
(152, 3, 'C5 AIRCROSS'),
(153, 3, 'C5 II'),
(154, 3, 'C5 II TOURER'),
(155, 3, 'C5 X'),
(156, 3, 'C6'),
(157, 3, 'C8'),
(158, 3, 'C-CROSSER'),
(159, 3, 'C-ELYSEE'),
(160, 3, 'CX'),
(161, 3, 'CX SERIE2'),
(162, 3, 'C-ZERO'),
(163, 3, 'DANGEL C15'),
(164, 3, 'DANGEL C25'),
(165, 3, 'DS'),
(166, 3, 'DS3'),
(167, 3, 'DS4'),
(168, 3, 'DS5'),
(169, 3, 'DYANE'),
(170, 3, 'EVASION'),
(171, 3, 'GS'),
(172, 3, 'GSA'),
(173, 3, 'HY'),
(174, 3, 'ID'),
(175, 3, 'JUMPER'),
(176, 3, 'JUMPY'),
(177, 3, 'KATAR'),
(178, 3, 'LN'),
(179, 3, 'LNA'),
(180, 3, 'MEHARI'),
(181, 3, 'NEMO'),
(182, 3, 'ROSALIE'),
(183, 3, 'SAXO'),
(184, 3, 'SM'),
(185, 3, 'SPACETOURER'),
(186, 3, 'TRACTION'),
(187, 3, 'VISA'),
(188, 3, 'XANTIA'),
(189, 3, 'XM'),
(190, 3, 'XSARA'),
(191, 3, 'XSARA PICASSO'),
(192, 3, 'ZX'),
(193, 4, '124 SPIDER'),
(194, 4, '126'),
(195, 4, '127'),
(196, 4, '128'),
(197, 4, '131'),
(198, 4, '132'),
(199, 4, '238'),
(200, 4, '4X4 CROSS'),
(201, 4, '500'),
(202, 4, '500 III'),
(203, 4, '500L'),
(204, 4, '500X'),
(205, 4, '600'),
(206, 4, '850'),
(207, 4, '900'),
(208, 4, 'ARGENTA'),
(209, 4, 'BARCHETTA'),
(210, 4, 'BRAVA'),
(211, 4, 'BRAVO'),
(212, 4, 'BRAVO II'),
(213, 4, 'CINQUECENTO'),
(214, 4, 'COUPE'),
(215, 4, 'CROMA'),
(216, 4, 'DOBLO'),
(217, 4, 'DOBLO III'),
(218, 4, 'DUCATO'),
(219, 4, 'FIORINO'),
(220, 4, 'FIORINO QUBO'),
(221, 4, 'FREEMONT'),
(222, 4, 'FULLBACK'),
(223, 4, 'GRANDE PUNTO'),
(224, 4, 'IDEA'),
(225, 4, 'MAREA'),
(226, 4, 'MULTIPLA'),
(227, 4, 'PALIO'),
(228, 4, 'PANDA'),
(229, 4, 'PININFARINA'),
(230, 4, 'PUNTO'),
(231, 4, 'PUNTO EVO'),
(232, 4, 'REGATA'),
(233, 4, 'RITMO'),
(234, 4, 'SCUDO'),
(235, 4, 'SCUDO III'),
(236, 4, 'SEDICI'),
(237, 4, 'SEICENTO'),
(238, 4, 'STILO'),
(239, 4, 'STRADA'),
(240, 4, 'TALENTO'),
(241, 4, 'TEMPRA'),
(242, 4, 'TIPO'),
(243, 4, 'ULYSSE'),
(244, 4, 'ULYSSE III'),
(245, 4, 'UNO'),
(246, 4, 'X1/9'),
(247, 5, 'AEROSTAR'),
(248, 5, 'B-MAX'),
(249, 5, 'BRONCO II'),
(250, 5, 'CAPRI'),
(251, 5, 'COMPACT'),
(252, 5, 'COUGAR'),
(253, 5, 'COURRIER'),
(254, 5, 'ECOSPORT'),
(255, 5, 'EDGE'),
(256, 5, 'ESCORT'),
(257, 5, 'EXPLORER'),
(258, 5, 'F 150'),
(259, 5, 'F 250'),
(260, 5, 'FIESTA'),
(261, 5, 'FOCUS'),
(262, 5, 'FOCUS C-MAX'),
(263, 5, 'FOCUS IV'),
(264, 5, 'FUSION'),
(265, 5, 'GALAXY'),
(266, 5, 'GRANADA'),
(267, 5, 'JEEP'),
(268, 5, 'KA'),
(269, 5, 'KA+'),
(270, 5, 'KUGA'),
(271, 5, 'KUGA III'),
(272, 5, 'MAVERICK'),
(273, 5, 'MONDEO'),
(274, 5, 'MUSTANG'),
(275, 5, 'ORION'),
(276, 5, 'P 100'),
(277, 5, 'PROBE'),
(278, 5, 'PUMA'),
(279, 5, 'PUMA II'),
(280, 5, 'RANGER'),
(281, 5, 'SCORPIO'),
(282, 5, 'SIERRA'),
(283, 5, 'S-MAX'),
(284, 5, 'TAUNUS'),
(285, 5, 'TOURNEO'),
(286, 5, 'TOURNEO CONNECT'),
(287, 5, 'TOURNEO CONNECT III'),
(288, 5, 'TOURNEO COURIER'),
(289, 5, 'TOURNEO CUSTOM'),
(290, 5, 'TRANSIT'),
(291, 5, 'TRANSIT CONNECT'),
(292, 5, 'TRANSIT COURIER'),
(293, 5, 'TRANSIT CUSTOM'),
(294, 5, 'TRANSIT VI'),
(295, 6, '190'),
(296, 6, '200'),
(297, 6, '206'),
(298, 6, '207'),
(299, 6, '208'),
(300, 6, '209'),
(301, 6, '210'),
(302, 6, '212'),
(303, 6, '220'),
(304, 6, '230'),
(305, 6, '240'),
(306, 6, '250'),
(307, 6, '260'),
(308, 6, '280'),
(309, 6, '290'),
(310, 6, '300'),
(311, 6, '307'),
(312, 6, '308'),
(313, 6, '309'),
(314, 6, '310'),
(315, 6, '320'),
(316, 6, '350'),
(317, 6, '380'),
(318, 6, '400'),
(319, 6, '407'),
(320, 6, '408'),
(321, 6, '409'),
(322, 6, '410'),
(323, 6, '420'),
(324, 6, '450'),
(325, 6, '500'),
(326, 6, '507'),
(327, 6, '508'),
(328, 6, '560'),
(329, 6, '609'),
(330, 6, 'CITAN'),
(331, 6, 'CITAN II'),
(332, 6, 'CLASSE A'),
(333, 6, 'CLASSE A IV'),
(334, 6, 'CLASSE B'),
(335, 6, 'CLASSE B III'),
(336, 6, 'CLASSE C'),
(337, 6, 'CLASSE C III'),
(338, 6, 'CLASSE C IV'),
(339, 6, 'CLASSE C V'),
(340, 6, 'CLASSE CL'),
(341, 6, 'CLASSE CLA'),
(342, 6, 'CLASSE CLA II'),
(343, 6, 'CLASSE CLC'),
(344, 6, 'CLASSE CLK'),
(345, 6, 'CLASSE CLS'),
(346, 6, 'CLASSE E'),
(347, 6, 'CLASSE E IV'),
(348, 6, 'CLASSE E V'),
(349, 6, 'CLASSE EQA'),
(350, 6, 'CLASSE EQB'),
(351, 6, 'CLASSE EQC'),
(352, 6, 'CLASSE EQE'),
(353, 6, 'CLASSE EQV'),
(354, 6, 'CLASSE G'),
(355, 6, 'CLASSE GL'),
(356, 6, 'CLASSE GLA'),
(357, 6, 'CLASSE GLA II'),
(358, 6, 'CLASSE GLB'),
(359, 6, 'CLASSE GLC'),
(360, 6, 'CLASSE GLE'),
(361, 6, 'CLASSE GLE II'),
(362, 6, 'CLASSE GLK'),
(363, 6, 'CLASSE GLS'),
(364, 6, 'CLASSE GLS II'),
(365, 6, 'CLASSE M'),
(366, 6, 'CLASSE R'),
(367, 6, 'CLASSE S'),
(368, 6, 'CLASSE SL'),
(369, 6, 'CLASSE SLC'),
(370, 6, 'CLASSE SLK'),
(371, 6, 'CLASSE V'),
(372, 6, 'CLASSE X'),
(373, 6, 'MB 100'),
(374, 6, 'SPRINTER'),
(375, 6, 'VANEO'),
(376, 6, 'VIANO'),
(377, 6, 'VITO'),
(378, 6, 'VITO F'),
(379, 7, 'ADAM'),
(380, 7, 'AGILA'),
(381, 7, 'AMPERA'),
(382, 7, 'ANTARA'),
(383, 7, 'ASCONA'),
(384, 7, 'ASTRA'),
(385, 7, 'ASTRA VI'),
(386, 7, 'CABRIO'),
(387, 7, 'CALIBRA'),
(388, 7, 'CAMPO'),
(389, 7, 'CASCADA'),
(390, 7, 'COMBO'),
(391, 7, 'COMBO III'),
(392, 7, 'COMBO LIFE'),
(393, 7, 'CORSA'),
(394, 7, 'CORSA VI'),
(395, 7, 'CORSAVAN'),
(396, 7, 'CROSSLAND'),
(397, 7, 'CROSSLAND X'),
(398, 7, 'FRONTERA'),
(399, 7, 'GRANDLAND'),
(400, 7, 'GRANDLAND X'),
(401, 7, 'GT'),
(402, 7, 'INSIGNIA'),
(403, 7, 'KADETT'),
(404, 7, 'KARL'),
(405, 7, 'MANTA'),
(406, 7, 'MERIVA'),
(407, 7, 'MOKKA'),
(408, 7, 'MOKKA II'),
(409, 7, 'MONTEREY'),
(410, 7, 'MONZA'),
(411, 7, 'MOVANO'),
(412, 7, 'MOVANO III'),
(413, 7, 'OMEGA'),
(414, 7, 'REKORD'),
(415, 7, 'SENATOR'),
(416, 7, 'SIGNUM'),
(417, 7, 'SINTRA'),
(418, 7, 'SPEEDSTER'),
(419, 7, 'TIGRA'),
(420, 7, 'VECTRA'),
(421, 7, 'VIVARO'),
(422, 7, 'VIVARO III'),
(423, 7, 'ZAFIRA'),
(424, 7, 'ZAFIRA LIFE'),
(425, 8, '1007'),
(426, 8, '104'),
(427, 8, '106'),
(428, 8, '107'),
(429, 8, '108'),
(430, 8, '2008'),
(431, 8, '2008 II'),
(432, 8, '203'),
(433, 8, '204'),
(434, 8, '205'),
(435, 8, '206'),
(436, 8, '207'),
(437, 8, '208'),
(438, 8, '208 II'),
(439, 8, '3008'),
(440, 8, '301'),
(441, 8, '304'),
(442, 8, '305'),
(443, 8, '306'),
(444, 8, '307'),
(445, 8, '308'),
(446, 8, '308 III'),
(447, 8, '309'),
(448, 8, '4007'),
(449, 8, '4008'),
(450, 8, '403'),
(451, 8, '404'),
(452, 8, '405'),
(453, 8, '406'),
(454, 8, '407'),
(455, 8, '5008'),
(456, 8, '504'),
(457, 8, '505'),
(458, 8, '508'),
(459, 8, '508 II'),
(460, 8, '604'),
(461, 8, '605'),
(462, 8, '607'),
(463, 8, '806'),
(464, 8, '807'),
(465, 8, 'BIPPER'),
(466, 8, 'BOXER'),
(467, 8, 'BOXER*'),
(468, 8, 'EXPERT'),
(469, 8, 'ION'),
(470, 8, 'J5'),
(471, 8, 'J5 COMBI'),
(472, 8, 'J7'),
(473, 8, 'J9'),
(474, 8, 'P4'),
(475, 8, 'PARTNER'),
(476, 8, 'PARTNER II'),
(477, 8, 'PARTNER III'),
(478, 8, 'RCZ'),
(479, 8, 'RIFTER'),
(480, 8, 'TRAVELLER'),
(481, 9, '4CV'),
(482, 9, 'ALASKAN'),
(483, 9, 'ARKANA'),
(484, 9, 'AVANTIME'),
(485, 9, 'B110'),
(486, 9, 'B120'),
(487, 9, 'B70'),
(488, 9, 'B80'),
(489, 9, 'B90'),
(490, 9, 'CAPTUR'),
(491, 9, 'CAPTUR II'),
(492, 9, 'CARAVELLE'),
(493, 9, 'CHEROKEE'),
(494, 9, 'CLIO'),
(495, 9, 'CLIO III'),
(496, 9, 'CLIO III ESTATE'),
(497, 9, 'CLIO IV'),
(498, 9, 'CLIO IV ESTATE'),
(499, 9, 'CLIO V'),
(500, 9, 'DAUPHINE'),
(501, 9, 'ESPACE'),
(502, 9, 'ESPACE IV'),
(503, 9, 'ESPACE V'),
(504, 9, 'ESTAFETTE'),
(505, 9, 'EXPRESS'),
(506, 9, 'EXPRESS II'),
(507, 9, 'FLUENCE'),
(508, 9, 'FUEGO'),
(509, 9, 'GRAND ESPACE'),
(510, 9, 'GRAND ESPACE IV'),
(511, 9, 'GRAND SCENIC'),
(512, 9, 'JEEP CJ7'),
(513, 9, 'JP4'),
(514, 9, 'KADJAR'),
(515, 9, 'KANGOO'),
(516, 9, 'KANGOO EXPRESS'),
(517, 9, 'KANGOO EXPRESS II'),
(518, 9, 'KANGOO II'),
(519, 9, 'KANGOO III'),
(520, 9, 'KOLEOS'),
(521, 9, 'LAGUNA'),
(522, 9, 'LAGUNA II'),
(523, 9, 'LAGUNA II ESTATE'),
(524, 9, 'LAGUNA III'),
(525, 9, 'LAGUNA III ESTATE'),
(526, 9, 'LAGUNA NEVADA'),
(527, 9, 'LATITUDE'),
(528, 9, 'MASCOTT'),
(529, 9, 'MASTER'),
(530, 9, 'MASTER III'),
(531, 9, 'MAXITY'),
(532, 9, 'MEGANE'),
(533, 9, 'MEGANE II'),
(534, 9, 'MEGANE II ESTATE'),
(535, 9, 'MEGANE III'),
(536, 9, 'MEGANE III ESTATE'),
(537, 9, 'MEGANE IV'),
(538, 9, 'MEGANE V'),
(539, 9, 'MESSENGER'),
(540, 9, 'MODUS'),
(541, 9, 'ONDINE'),
(542, 9, 'R10'),
(543, 9, 'R11'),
(544, 9, 'R12'),
(545, 9, 'R14'),
(546, 9, 'R15'),
(547, 9, 'R16'),
(548, 9, 'R17'),
(549, 9, 'R18'),
(550, 9, 'R19'),
(551, 9, 'R20'),
(552, 9, 'R21'),
(553, 9, 'R21 NEVADA'),
(554, 9, 'R25'),
(555, 9, 'R30'),
(556, 9, 'R4'),
(557, 9, 'R5'),
(558, 9, 'R6'),
(559, 9, 'R8'),
(560, 9, 'R9'),
(561, 9, 'RODEO'),
(562, 9, 'SAFRANE'),
(563, 9, 'SAVIEM'),
(564, 9, 'SCENIC'),
(565, 9, 'SCENIC II'),
(566, 9, 'SCENIC III'),
(567, 9, 'SCENIC IV'),
(568, 9, 'SPIDER'),
(569, 9, 'SUPERCINQ'),
(570, 9, 'TALISMAN'),
(571, 9, 'TRAFIC'),
(572, 9, 'TRAFIC III'),
(573, 9, 'TWINGO'),
(574, 9, 'TWINGO II'),
(575, 9, 'TWINGO III'),
(576, 9, 'VEL SATIS'),
(577, 9, 'WIND'),
(578, 9, 'WRANGLER'),
(579, 9, 'ZOE'),
(580, 10, 'AURIS'),
(581, 10, 'AVENSIS'),
(582, 10, 'AYGO'),
(583, 10, 'AYGO X'),
(584, 10, 'CAMRY'),
(585, 10, 'CAMRY II'),
(586, 10, 'CARINA'),
(587, 10, 'CARINA E'),
(588, 10, 'CARINA II'),
(589, 10, 'CELICA'),
(590, 10, 'C-HR'),
(591, 10, 'COROLLA'),
(592, 10, 'COROLLA VERSO'),
(593, 10, 'COROLLA X'),
(594, 10, 'CRESSIDA'),
(595, 10, 'CROWN'),
(596, 10, 'DYNA'),
(597, 10, 'FJ CRUISER'),
(598, 10, 'FUNCRUISER'),
(599, 10, 'GR86'),
(600, 10, 'GT86'),
(601, 10, 'HI-ACE'),
(602, 10, 'HIGHLANDER'),
(603, 10, 'HI-LUX'),
(604, 10, 'IQ'),
(605, 10, 'LANDCRUISER'),
(606, 10, 'LEXUS'),
(607, 10, 'LITE ACE'),
(608, 10, 'MODELE F'),
(609, 10, 'MR'),
(610, 10, 'PASEO'),
(611, 10, 'PICNIC'),
(612, 10, 'PREVIA'),
(613, 10, 'PRIUS'),
(614, 10, 'PROACE'),
(615, 10, 'PROACE CITY'),
(616, 10, 'RAV4'),
(617, 10, 'RAV4 III'),
(618, 10, 'RAV4 IV'),
(619, 10, 'RAV4 V'),
(620, 10, 'RUNNER'),
(621, 10, 'STARLET'),
(622, 10, 'SUPRA'),
(623, 10, 'SUPRA V'),
(624, 10, 'TERCEL'),
(625, 10, 'URBAN CRUISER'),
(626, 10, 'VERSO'),
(627, 10, 'VERSO-S'),
(628, 10, 'YARIS'),
(629, 10, 'YARIS CROSS'),
(630, 10, 'YARIS II'),
(631, 10, 'YARIS III'),
(632, 10, 'YARIS IV'),
(633, 11, '181'),
(634, 11, '183'),
(635, 11, 'AMAROK'),
(636, 11, 'ARTEON'),
(637, 11, 'BORA'),
(638, 11, 'CADDY'),
(639, 11, 'CADDY V'),
(640, 11, 'COCCINELLE'),
(641, 11, 'CORRADO'),
(642, 11, 'CRAFTER'),
(643, 11, 'EOS'),
(644, 11, 'FOX'),
(645, 11, 'GOLF'),
(646, 11, 'GOLF III'),
(647, 11, 'GOLF IV'),
(648, 11, 'GOLF PLUS'),
(649, 11, 'GOLF SPORTSVAN'),
(650, 11, 'GOLF V'),
(651, 11, 'GOLF VI'),
(652, 11, 'GOLF VII'),
(653, 11, 'GOLF VIII'),
(654, 11, 'ID.3'),
(655, 11, 'ID.4'),
(656, 11, 'ID.5'),
(657, 11, 'ID.BUZZ'),
(658, 11, 'JETTA'),
(659, 11, 'JETTA II'),
(660, 11, 'JETTA III'),
(661, 11, 'LT28'),
(662, 11, 'LT31'),
(663, 11, 'LT32'),
(664, 11, 'LT35'),
(665, 11, 'LT40A'),
(666, 11, 'LT45'),
(667, 11, 'LT50'),
(668, 11, 'LUPO'),
(669, 11, 'MULTIVAN T7'),
(670, 11, 'NEW BEETLE'),
(671, 11, 'PASSAT'),
(672, 11, 'PASSAT CC'),
(673, 11, 'PASSAT SW'),
(674, 11, 'PHAETON'),
(675, 11, 'POLO'),
(676, 11, 'POLO V'),
(677, 11, 'POLO VI'),
(678, 11, 'SANTANA'),
(679, 11, 'SCIROCCO'),
(680, 11, 'SHARAN'),
(681, 11, 'TAIGO'),
(682, 11, 'TARO'),
(683, 11, 'T-CROSS'),
(684, 11, 'TIGUAN'),
(685, 11, 'TOUAREG'),
(686, 11, 'TOUAREG III'),
(687, 11, 'TOURAN'),
(688, 11, 'TRANSPORTER'),
(689, 11, 'TRANSPORTER SHUTTLE'),
(690, 11, 'T-ROC'),
(691, 11, 'UP'),
(692, 11, 'VENTO'),
(693, 12, 'U5'),
(694, 13, 'ALEKO'),
(695, 14, '156 SW'),
(696, 14, '164'),
(697, 14, '4C'),
(698, 14, 'ALFA 145'),
(699, 14, 'ALFA 146'),
(700, 14, 'ALFA 147'),
(701, 14, 'ALFA 155'),
(702, 14, 'ALFA 156'),
(703, 14, 'ALFA 159'),
(704, 14, 'ALFA 159 SW'),
(705, 14, 'ALFA 166'),
(706, 14, 'ALFA 33'),
(707, 14, 'ALFA 6'),
(708, 14, 'ALFA 75'),
(709, 14, 'ALFA 90'),
(710, 14, 'ALFA GT'),
(711, 14, 'ALFA GTV'),
(712, 14, 'ALFA-SUD'),
(713, 14, 'ALFETTA'),
(714, 14, 'BRERA'),
(715, 14, 'CROSSWAGON'),
(716, 14, 'GIULIA'),
(717, 14, 'GIULIETTA'),
(718, 14, 'MITO'),
(719, 14, 'SPIDER'),
(720, 14, 'SPRINT'),
(721, 14, 'STELVIO'),
(722, 14, 'TONALE'),
(723, 15, 'A110'),
(724, 15, 'A110 II'),
(725, 15, 'A310'),
(726, 15, 'A610'),
(727, 15, 'LE MANS'),
(728, 15, 'V6'),
(729, 16, '4X4'),
(730, 16, 'ARO 10'),
(731, 16, 'CARPAT'),
(732, 16, 'CROSS LANDER'),
(733, 16, 'FORESTER'),
(734, 16, 'SPARTANA'),
(735, 16, 'TRAPEURS'),
(736, 17, 'ROCSTA'),
(737, 18, 'CYGNET'),
(738, 19, 'ALLEGRO'),
(739, 19, 'JEEP'),
(740, 19, 'MAESTRO'),
(741, 19, 'MARINA'),
(742, 19, 'METRO'),
(743, 19, 'MINI'),
(744, 19, 'MONTEGO'),
(745, 19, 'PRINCESS'),
(746, 19, 'SHERPA'),
(747, 20, 'A112'),
(748, 20, 'Y10'),
(749, 21, 'A3'),
(750, 22, 'CF'),
(751, 22, 'MIDI'),
(752, 23, 'BEE BEE XS'),
(753, 24, '4X4'),
(754, 25, 'BLUECAR'),
(755, 25, 'BLUESUMMER'),
(756, 26, 'PARKAVENUE'),
(757, 27, 'BLS'),
(758, 27, 'BLS WAGON'),
(759, 27, 'CTS'),
(760, 27, 'CTS-V'),
(761, 27, 'ESCALADE'),
(762, 27, 'SEVILLE'),
(763, 27, 'SRX'),
(764, 28, 'ALERO'),
(765, 28, 'AVEO'),
(766, 28, 'BLAZER'),
(767, 28, 'CAMARO'),
(768, 28, 'CAPTIVA'),
(769, 28, 'CORVETTE'),
(770, 28, 'CRUZE'),
(771, 28, 'EPICA'),
(772, 28, 'EVANDA'),
(773, 28, 'KALOS'),
(774, 28, 'LACETTI'),
(775, 28, 'MALIBU'),
(776, 28, 'MATIZ'),
(777, 28, 'NUBIRA'),
(778, 28, 'ORLANDO'),
(779, 28, 'REZZO'),
(780, 28, 'SPARK'),
(781, 28, 'TAHOE'),
(782, 28, 'TRAILBLAZER'),
(783, 28, 'TRANS SPORT'),
(784, 28, 'TRAX'),
(785, 28, 'VOLT'),
(786, 29, '300C'),
(787, 29, '300M'),
(788, 29, 'CHEROKEE'),
(789, 29, 'CROSSFIRE'),
(790, 29, 'ES'),
(791, 29, 'GRAND CHEROKEE'),
(792, 29, 'GRAND VOYAGER'),
(793, 29, 'LE BARON'),
(794, 29, 'NEON'),
(795, 29, 'NEW YORKER'),
(796, 29, 'PT CRUISER'),
(797, 29, 'SARATOGA'),
(798, 29, 'SEBRING'),
(799, 29, 'STRATUS'),
(800, 29, 'VISION'),
(801, 29, 'VOYAGER'),
(802, 29, 'WRANGLER'),
(803, 30, 'C6'),
(804, 30, 'Z06'),
(805, 30, 'ZT06'),
(806, 31, 'ATECA'),
(807, 31, 'BORN'),
(808, 31, 'FORMENTOR'),
(809, 31, 'LEON'),
(810, 32, 'DOKKER'),
(811, 32, 'DUSTER'),
(812, 32, 'JOGGER'),
(813, 32, 'LODGY'),
(814, 32, 'LOGAN'),
(815, 32, 'SANDERO'),
(816, 32, 'SANDERO III'),
(817, 32, 'SPRING'),
(818, 33, 'ESPERO'),
(819, 33, 'EVANDA'),
(820, 33, 'KALOS'),
(821, 33, 'KORANDO'),
(822, 33, 'LACETTI'),
(823, 33, 'LANOS'),
(824, 33, 'LEGANZA'),
(825, 33, 'MATIZ'),
(826, 33, 'MUSSO'),
(827, 33, 'NEXIA'),
(828, 33, 'NUBIRA'),
(829, 33, 'REXTON'),
(830, 33, 'REZZO'),
(831, 34, '400'),
(832, 34, 'VA400'),
(833, 34, 'VH400'),
(834, 35, 'APPLAUSE'),
(835, 35, 'CHARADE'),
(836, 35, 'COPEN'),
(837, 35, 'CUORE'),
(838, 35, 'DOMINO'),
(839, 35, 'FEROZA'),
(840, 35, 'GRAN MOVE'),
(841, 35, 'HIJET'),
(842, 35, 'LEEZA'),
(843, 35, 'MATERIA'),
(844, 35, 'MOVE'),
(845, 35, 'ROCKY'),
(846, 35, 'SIRION'),
(847, 35, 'TERIOS'),
(848, 35, 'TREVIS'),
(849, 35, 'YRV'),
(850, 36, 'DALLAS'),
(851, 37, 'CHERRY'),
(852, 37, 'SILVIA'),
(853, 37, 'STANZA'),
(854, 38, 'AVENGER'),
(855, 38, 'CALIBER'),
(856, 38, 'CHALLENGER'),
(857, 38, 'JOURNEY'),
(858, 38, 'NITRO'),
(859, 38, 'RAM'),
(860, 39, 'DS3'),
(861, 39, 'DS3 CROSSBACK'),
(862, 39, 'DS4'),
(863, 39, 'DS4 II'),
(864, 39, 'DS5'),
(865, 39, 'DS7 CROSSBACK'),
(866, 39, 'DS9'),
(867, 40, '328'),
(868, 41, 'ATOU'),
(869, 41, 'CARO'),
(870, 41, 'TRUCK'),
(871, 42, 'CANTER'),
(872, 43, 'GA'),
(873, 43, 'WAY'),
(874, 44, 'MIDI'),
(875, 44, 'RASCAL'),
(876, 45, 'DALLAS'),
(877, 46, 'ACCORD'),
(878, 46, 'ACTY'),
(879, 46, 'CIVIC'),
(880, 46, 'CIVIC XI'),
(881, 46, 'CONCERTO'),
(882, 46, 'CRV'),
(883, 46, 'CRV V'),
(884, 46, 'CRX'),
(885, 46, 'CR-Z'),
(886, 46, 'FR-V'),
(887, 46, 'HONDA E'),
(888, 46, 'HR-V'),
(889, 46, 'HR-V III'),
(890, 46, 'INSIGHT'),
(891, 46, 'INTEGRA'),
(892, 46, 'JAZZ'),
(893, 46, 'JAZZ IV'),
(894, 46, 'LEGEND'),
(895, 46, 'LOGO'),
(896, 46, 'NSX'),
(897, 46, 'PRELUDE'),
(898, 46, 'QUINTET'),
(899, 46, 'S2000'),
(900, 46, 'SHUTTLE'),
(901, 46, 'STREAM'),
(902, 47, 'JEEP'),
(903, 48, 'H1'),
(904, 48, 'H2'),
(905, 48, 'H3'),
(906, 49, 'ACCENT'),
(907, 49, 'ATOS'),
(908, 49, 'AZERA'),
(909, 49, 'BAYON'),
(910, 49, 'COUPE'),
(911, 49, 'ELANTRA'),
(912, 49, 'GALLOPER'),
(913, 49, 'GENESIS'),
(914, 49, 'GETZ'),
(915, 49, 'H-1'),
(916, 49, 'H100'),
(917, 49, 'H-2'),
(918, 49, 'I10'),
(919, 49, 'I10 III'),
(920, 49, 'I20'),
(921, 49, 'I20 III'),
(922, 49, 'I30'),
(923, 49, 'I40'),
(924, 49, 'IONIQ'),
(925, 49, 'IX20'),
(926, 49, 'IX35'),
(927, 49, 'IX55'),
(928, 49, 'KONA'),
(929, 49, 'LANTRA'),
(930, 49, 'MATRIX'),
(931, 49, 'PONY'),
(932, 49, 'SANTA FE'),
(933, 49, 'SATELLITE'),
(934, 49, 'SCOUPE'),
(935, 49, 'SONATA'),
(936, 49, 'TERRACAN'),
(937, 49, 'TRAJET'),
(938, 49, 'TUCSON'),
(939, 49, 'TUCSON IV'),
(940, 49, 'VELOSTER'),
(941, 49, 'XG'),
(942, 50, 'EX'),
(943, 50, 'FX'),
(944, 50, 'G'),
(945, 50, 'M'),
(946, 50, 'Q30'),
(947, 50, 'Q50'),
(948, 50, 'Q60'),
(949, 50, 'Q70'),
(950, 50, 'QX30'),
(951, 50, 'QX50'),
(952, 50, 'QX70'),
(953, 51, '120'),
(954, 51, '500'),
(955, 51, '990'),
(956, 51, 'DE TOMASO'),
(957, 51, 'MINI'),
(958, 51, 'MINIMATIC'),
(959, 52, 'D-MAX'),
(960, 52, 'D-MAX III'),
(961, 52, 'SERIE N'),
(962, 52, 'TROOPER'),
(963, 53, 'DAILY'),
(964, 53, 'MASSIF'),
(965, 53, 'PIAGGIO'),
(966, 54, 'DAIMLER'),
(967, 54, 'E-PACE'),
(968, 54, 'F-PACE'),
(969, 54, 'F-TYPE'),
(970, 54, 'I-PACE'),
(971, 54, 'SOVEREIGN'),
(972, 54, 'S-TYPE'),
(973, 54, 'XE'),
(974, 54, 'XF'),
(975, 54, 'XJ'),
(976, 54, 'XJ6'),
(977, 54, 'XJ8'),
(978, 54, 'XJR'),
(979, 54, 'XJS'),
(980, 54, 'XJSC'),
(981, 54, 'XK'),
(982, 54, 'XK8'),
(983, 54, 'X-TYPE'),
(984, 55, 'CHEROKEE'),
(985, 55, 'COMMANDER'),
(986, 55, 'COMPASS'),
(987, 55, 'GLADIATOR'),
(988, 55, 'GRAND CHEROKEE'),
(989, 55, 'GRAND CHEROKEE V'),
(990, 55, 'PATRIOT'),
(991, 55, 'RENEGADE'),
(992, 55, 'WRANGLER'),
(993, 55, 'WRANGLER IV'),
(994, 56, 'BESTA'),
(995, 56, 'CARENS'),
(996, 56, 'CARNIVAL'),
(997, 56, 'CEED'),
(998, 56, 'CEED III'),
(999, 56, 'CERATO'),
(1000, 56, 'CLARUS'),
(1001, 56, 'E-SOUL'),
(1002, 56, 'EV6'),
(1003, 56, 'K2500'),
(1004, 56, 'K2700'),
(1005, 56, 'MAGENTIS'),
(1006, 56, 'NIRO'),
(1007, 56, 'OPIRUS'),
(1008, 56, 'OPTIMA'),
(1009, 56, 'PICANTO'),
(1010, 56, 'PREGIO'),
(1011, 56, 'PRIDE'),
(1012, 56, 'RIO'),
(1013, 56, 'SEPHIA'),
(1014, 56, 'SHUMA'),
(1015, 56, 'SORENTO'),
(1016, 56, 'SORENTO IV'),
(1017, 56, 'SOUL'),
(1018, 56, 'SPORTAGE'),
(1019, 56, 'SPORTAGE V'),
(1020, 56, 'STINGER'),
(1021, 56, 'STONIC'),
(1022, 56, 'VENGA'),
(1023, 57, '110'),
(1024, 57, '111'),
(1025, 57, '1118'),
(1026, 57, '112'),
(1027, 57, '1200'),
(1028, 57, '1300'),
(1029, 57, '1500'),
(1030, 57, '1600'),
(1031, 57, '2104'),
(1032, 57, '2107'),
(1033, 57, 'GRANTA'),
(1034, 57, 'KALINA'),
(1035, 57, 'KALINKA'),
(1036, 57, 'NIVA'),
(1037, 57, 'PRIORA'),
(1038, 57, 'SAGONA'),
(1039, 57, 'SAMARA'),
(1040, 58, 'BETA'),
(1041, 58, 'DEDRA'),
(1042, 58, 'DELTA'),
(1043, 58, 'FLAVIA'),
(1044, 58, 'GAMMA'),
(1045, 58, 'HP EXECUTIVE'),
(1046, 58, 'KAPPA'),
(1047, 58, 'LYBRA'),
(1048, 58, 'MUSA'),
(1049, 58, 'PHEDRA'),
(1050, 58, 'PRISMA'),
(1051, 58, 'THEMA'),
(1052, 58, 'THESIS'),
(1053, 58, 'TREVI'),
(1054, 58, 'VOYAGER'),
(1055, 58, 'Y'),
(1056, 58, 'Y10'),
(1057, 58, 'YPSILON'),
(1058, 58, 'ZETA'),
(1059, 59, '109'),
(1060, 59, '110'),
(1061, 59, '88'),
(1062, 59, '90'),
(1063, 59, 'DEFENDER'),
(1064, 59, 'DEFENDER II'),
(1065, 59, 'DISCOVERY'),
(1066, 59, 'DISCOVERY SPORT'),
(1067, 59, 'EVOQUE'),
(1068, 59, 'EVOQUE II'),
(1069, 59, 'FREELANDER'),
(1070, 59, 'RANGE 4X4'),
(1071, 59, 'RANGE ROVER SPORT'),
(1072, 59, 'RANGE ROVER SPORT II'),
(1073, 59, 'VELAR'),
(1074, 60, 'CONVOY'),
(1075, 60, 'MAXUS'),
(1076, 61, 'CT'),
(1077, 61, 'ES'),
(1078, 61, 'GS'),
(1079, 61, 'IS'),
(1080, 61, 'IS SPORTCROSS'),
(1081, 61, 'LS'),
(1082, 61, 'LS II'),
(1083, 61, 'NX'),
(1084, 61, 'NX II'),
(1085, 61, 'RC'),
(1086, 61, 'RX'),
(1087, 61, 'SC'),
(1088, 61, 'UX'),
(1089, 62, 'ELISE'),
(1090, 62, 'EUROPA'),
(1091, 62, 'EVORA'),
(1092, 62, 'EXIGE'),
(1093, 63, 'BOLERO'),
(1094, 63, 'CJ'),
(1095, 63, 'GOA'),
(1096, 64, 'TGE'),
(1097, 65, '800'),
(1098, 65, 'ALTO'),
(1099, 66, '3200 GT'),
(1100, 66, 'COUPE'),
(1101, 66, 'GHIBLI'),
(1102, 66, 'LEVANTE'),
(1103, 66, 'QUATTROPORTE'),
(1104, 66, 'SPYDER'),
(1105, 67, 'BAGHEERA'),
(1106, 67, 'DJET'),
(1107, 67, 'M530'),
(1108, 68, '121'),
(1109, 68, '323'),
(1110, 68, '626'),
(1111, 68, '929'),
(1112, 68, 'BONGO'),
(1113, 68, 'BT50'),
(1114, 68, 'CX-3'),
(1115, 68, 'CX-30'),
(1116, 68, 'CX-5'),
(1117, 68, 'CX-60'),
(1118, 68, 'CX-7'),
(1119, 68, 'DEMIO'),
(1120, 68, 'E2200'),
(1121, 68, 'MAZDA2'),
(1122, 68, 'MAZDA2 IV'),
(1123, 68, 'MAZDA3'),
(1124, 68, 'MAZDA3 IV'),
(1125, 68, 'MAZDA5'),
(1126, 68, 'MAZDA6'),
(1127, 68, 'MINIBUS'),
(1128, 68, 'MPV'),
(1129, 68, 'MX3'),
(1130, 68, 'MX-30'),
(1131, 68, 'MX5'),
(1132, 68, 'MX6'),
(1133, 68, 'PICK-UP'),
(1134, 68, 'PREMACY'),
(1135, 68, 'RX7'),
(1136, 68, 'RX8'),
(1137, 68, 'TRIBUTE'),
(1138, 68, 'XEDOS 6'),
(1139, 68, 'XEDOS 9'),
(1140, 69, 'BREAK'),
(1141, 69, 'CABRIOLET'),
(1142, 69, 'CLUB'),
(1143, 69, 'CONCEPT'),
(1144, 69, 'FOURGON'),
(1145, 69, 'RANCH'),
(1146, 70, 'B'),
(1147, 70, 'EHS'),
(1148, 70, 'F'),
(1149, 70, 'MARVEL R'),
(1150, 70, 'MG5'),
(1151, 70, 'MIDGET'),
(1152, 70, 'ROADSTER'),
(1153, 70, 'TF'),
(1154, 70, 'ZR'),
(1155, 70, 'ZS'),
(1156, 70, 'ZS EV'),
(1157, 70, 'ZS II'),
(1158, 70, 'ZT'),
(1159, 71, 'ROADSTER'),
(1160, 72, 'ELECTRIC'),
(1161, 73, 'COUNTRYMAN'),
(1162, 73, 'MINI'),
(1163, 73, 'MINI CLUBMAN'),
(1164, 73, 'PACEMAN'),
(1165, 74, '3000'),
(1166, 74, 'ASX'),
(1167, 74, 'CANTER'),
(1168, 74, 'CARISMA'),
(1169, 74, 'COLT'),
(1170, 74, 'ECLIPSE CROSS'),
(1171, 74, 'GALANT'),
(1172, 74, 'GRANDIS'),
(1173, 74, 'I-MIEV'),
(1174, 74, 'L200'),
(1175, 74, 'LANCER'),
(1176, 74, 'MONTERO'),
(1177, 74, 'OUTLANDER'),
(1178, 74, 'PAJERO'),
(1179, 74, 'SAPPORO'),
(1180, 74, 'SPACE RUNNER'),
(1181, 74, 'SPACE STAR'),
(1182, 74, 'SPACE STAR II'),
(1183, 74, 'SPACE WAGON'),
(1184, 75, '4/4'),
(1185, 75, 'PLUS 4'),
(1186, 75, 'PLUS 8'),
(1187, 75, 'ROADSTER V6'),
(1188, 75, 'TOURER'),
(1189, 76, 'PS160'),
(1190, 77, '100 NX'),
(1191, 77, '200 SX'),
(1192, 77, '280 ZX'),
(1193, 77, '300 ZX'),
(1194, 77, '350 Z'),
(1195, 77, '370 Z'),
(1196, 77, 'ALMERA'),
(1197, 77, 'ALMERA TINO'),
(1198, 77, 'ARIYA'),
(1199, 77, 'ATLEON'),
(1200, 77, 'BLUEBIRD'),
(1201, 77, 'CABSTAR'),
(1202, 77, 'CEDRIC'),
(1203, 77, 'CUBE'),
(1204, 77, 'EBRO'),
(1205, 77, 'ECO T100'),
(1206, 77, 'GT-R'),
(1207, 77, 'INTERSTAR'),
(1208, 77, 'INTERSTAR II'),
(1209, 77, 'JUKE'),
(1210, 77, 'JUKE II'),
(1211, 77, 'KING CAB'),
(1212, 77, 'KING-CAB'),
(1213, 77, 'KUBISTAR'),
(1214, 77, 'L35'),
(1215, 77, 'LEAF'),
(1216, 77, 'MAXIMA'),
(1217, 77, 'MAXIMA QX'),
(1218, 77, 'MICRA'),
(1219, 77, 'MURANO'),
(1220, 77, 'NAVARA'),
(1221, 77, 'NOTE'),
(1222, 77, 'NP300'),
(1223, 77, 'NT400 CABSTAR'),
(1224, 77, 'NV200'),
(1225, 77, 'NV250'),
(1226, 77, 'NV300'),
(1227, 77, 'NV400'),
(1228, 77, 'PATHFINDER'),
(1229, 77, 'PATROL'),
(1230, 77, 'PATROL 4X4'),
(1231, 77, 'PICK-UP'),
(1232, 77, 'PIXO'),
(1233, 77, 'PRAIRIE'),
(1234, 77, 'PRIMASTAR'),
(1235, 77, 'PRIMASTAR II'),
(1236, 77, 'PRIMERA'),
(1237, 77, 'PULSAR'),
(1238, 77, 'QASHQAI'),
(1239, 77, 'QASHQAI III'),
(1240, 77, 'SERENA'),
(1241, 77, 'SILVIA'),
(1242, 77, 'STANZA'),
(1243, 77, 'SUNNY'),
(1244, 77, 'TERRANO'),
(1245, 77, 'TERRANO II'),
(1246, 77, 'TINO'),
(1247, 77, 'TOWNSTAR'),
(1248, 77, 'TRADE'),
(1249, 77, 'URVAN'),
(1250, 77, 'VANETTE'),
(1251, 77, 'X-TRAIL'),
(1252, 78, '24'),
(1253, 78, 'DYNA'),
(1254, 78, 'PL'),
(1255, 79, 'CEVENNES'),
(1256, 79, 'HEMERA'),
(1257, 79, 'SPEEDSTER II'),
(1258, 80, 'PORTER'),
(1259, 81, '125'),
(1260, 81, '125P'),
(1261, 81, '1300'),
(1262, 81, '1500'),
(1263, 81, 'CARO'),
(1264, 81, 'LINDA'),
(1265, 81, 'MISTRAL'),
(1266, 81, 'POLONEZ'),
(1267, 82, 'FIREBIRD'),
(1268, 82, 'TRANS AM'),
(1269, 82, 'TRANS SPORT'),
(1270, 83, '718 BOXSTER'),
(1271, 83, '718 CAYMAN'),
(1272, 83, '911'),
(1273, 83, '912'),
(1274, 83, '914'),
(1275, 83, '924'),
(1276, 83, '928'),
(1277, 83, '930'),
(1278, 83, '944'),
(1279, 83, '968'),
(1280, 83, 'BOXSTER'),
(1281, 83, 'CAYENNE'),
(1282, 83, 'CAYMAN'),
(1283, 83, 'MACAN'),
(1284, 83, 'MACAN II'),
(1285, 83, 'PANAMERA'),
(1286, 83, 'TAYCAN'),
(1287, 84, '313'),
(1288, 84, '315'),
(1289, 84, '413'),
(1290, 84, '415'),
(1291, 84, '416'),
(1292, 84, '418'),
(1293, 84, '420'),
(1294, 85, 'SILVER CLOUD'),
(1295, 86, '111'),
(1296, 86, '114'),
(1297, 86, '115'),
(1298, 86, '200'),
(1299, 86, '2000'),
(1300, 86, '213'),
(1301, 86, '214'),
(1302, 86, '216'),
(1303, 86, '218'),
(1304, 86, '220'),
(1305, 86, '2300'),
(1306, 86, '2400'),
(1307, 86, '25'),
(1308, 86, '2600'),
(1309, 86, '3500'),
(1310, 86, '414'),
(1311, 86, '416'),
(1312, 86, '418'),
(1313, 86, '420'),
(1314, 86, '45'),
(1315, 86, '618'),
(1316, 86, '620'),
(1317, 86, '623'),
(1318, 86, '75'),
(1319, 86, '820'),
(1320, 86, '825'),
(1321, 86, '827'),
(1322, 86, 'ESTATE'),
(1323, 86, 'FREIGHT'),
(1324, 86, 'MGF'),
(1325, 86, 'MINI'),
(1326, 86, 'MOKE'),
(1327, 86, 'MONTEGO'),
(1328, 86, 'STREETWISE'),
(1329, 87, '900'),
(1330, 87, '9000'),
(1331, 87, '9-3'),
(1332, 87, '9-3 BERLINE DE SPORT'),
(1333, 87, '9-3 SPORT HATCH'),
(1334, 87, '9-3 X'),
(1335, 87, '9-5'),
(1336, 87, '9-5 ESTATE'),
(1337, 87, '9-7X'),
(1338, 88, 'NAIROBI'),
(1339, 88, 'PS 10'),
(1340, 88, 'S300'),
(1341, 88, 'S350'),
(1342, 88, 'S410'),
(1343, 88, 'S413'),
(1344, 88, 'SAMURAI'),
(1345, 88, 'VITARA'),
(1346, 89, 'ALHAMBRA'),
(1347, 89, 'ALTEA'),
(1348, 89, 'ALTEA  XL'),
(1349, 89, 'ARONA'),
(1350, 89, 'AROSA'),
(1351, 89, 'ATECA'),
(1352, 89, 'CORDOBA'),
(1353, 89, 'EXEO'),
(1354, 89, 'FURA'),
(1355, 89, 'IBIZA'),
(1356, 89, 'INCA'),
(1357, 89, 'LEON'),
(1358, 89, 'LEON IV'),
(1359, 89, 'MALAGA'),
(1360, 89, 'MARBELLA'),
(1361, 89, 'MII'),
(1362, 89, 'RONDA'),
(1363, 89, 'TARRACO'),
(1364, 89, 'TERRA'),
(1365, 89, 'TOLEDO'),
(1366, 90, '1000'),
(1367, 90, '1100'),
(1368, 90, 'ARONDE'),
(1369, 90, 'SIM QUATRE'),
(1370, 91, '1050'),
(1371, 91, '120'),
(1372, 91, '130'),
(1373, 91, 'CITIGO'),
(1374, 91, 'ENYAQ'),
(1375, 91, 'FABIA'),
(1376, 91, 'FABIA IV'),
(1377, 91, 'FAVORIT'),
(1378, 91, 'FELICIA'),
(1379, 91, 'KAMIQ'),
(1380, 91, 'KAROQ'),
(1381, 91, 'KODIAQ'),
(1382, 91, 'OCTAVIA'),
(1383, 91, 'OCTAVIA IV'),
(1384, 91, 'RAPID'),
(1385, 91, 'ROOMSTER'),
(1386, 91, 'SCALA'),
(1387, 91, 'SUPERB'),
(1388, 91, 'YETI'),
(1389, 92, 'CABRIO'),
(1390, 92, 'CITY-COUPE'),
(1391, 92, 'FORFOUR'),
(1392, 92, 'FORTWO'),
(1393, 92, 'FORTWO CABRIO'),
(1394, 92, 'FORTWO COUPE'),
(1395, 92, 'ROADSTER'),
(1396, 92, 'ROADSTER-COUPE'),
(1397, 92, 'SMART'),
(1398, 92, 'SMART BUSINESS'),
(1399, 93, 'ACTYON'),
(1400, 93, 'FAMILY'),
(1401, 93, 'KORANDO'),
(1402, 93, 'KORANDO II'),
(1403, 93, 'KYRON'),
(1404, 93, 'MUSSO'),
(1405, 93, 'REXTON'),
(1406, 93, 'REXTON III'),
(1407, 93, 'RODIUS'),
(1408, 93, 'TIVOLI'),
(1409, 94, 'B9 TRIBECA'),
(1410, 94, 'BRZ'),
(1411, 94, 'E12'),
(1412, 94, 'FORESTER'),
(1413, 94, 'FORESTER V'),
(1414, 94, 'IMPREZA'),
(1415, 94, 'IMPREZA V'),
(1416, 94, 'JUSTY'),
(1417, 94, 'LEGACY'),
(1418, 94, 'LEVORG'),
(1419, 94, 'OUTBACK'),
(1420, 94, 'OUTBACK VI'),
(1421, 94, 'SVX'),
(1422, 94, 'TREZIA'),
(1423, 94, 'VANILLE'),
(1424, 94, 'VIVIO'),
(1425, 94, 'XV'),
(1426, 94, 'XV II'),
(1427, 95, 'ACROSS'),
(1428, 95, 'ALTO'),
(1429, 95, 'BALENO'),
(1430, 95, 'CARRY'),
(1431, 95, 'CELERIO'),
(1432, 95, 'GRAND VITARA'),
(1433, 95, 'IGNIS'),
(1434, 95, 'JIMNY'),
(1435, 95, 'JIMNY II'),
(1436, 95, 'KIZASHI'),
(1437, 95, 'LIANA'),
(1438, 95, 'MARUTI'),
(1439, 95, 'SAMURAI'),
(1440, 95, 'S-CROSS'),
(1441, 95, 'S-CROSS II'),
(1442, 95, 'SJ'),
(1443, 95, 'SPLASH'),
(1444, 95, 'SUPERCARRY'),
(1445, 95, 'SWACE'),
(1446, 95, 'SWIFT'),
(1447, 95, 'SX4'),
(1448, 95, 'VITARA'),
(1449, 95, 'WAGON R+'),
(1450, 95, 'X90'),
(1451, 96, '1510'),
(1452, 96, 'HORIZON'),
(1453, 96, 'MATRA MURENA'),
(1454, 96, 'RANCHO'),
(1455, 96, 'SAMBA'),
(1456, 96, 'SOLARA'),
(1457, 96, 'TAGORA'),
(1458, 97, 'TELCOLINE'),
(1459, 97, 'TELCOSPORT'),
(1460, 98, '1100'),
(1461, 99, 'RODEO'),
(1462, 99, 'TANGARA'),
(1463, 100, 'MODEL 3'),
(1464, 100, 'MODEL Y'),
(1465, 101, 'CITY'),
(1466, 102, 'ACCLAIM'),
(1467, 102, 'HERALD'),
(1468, 102, 'SPITFIRE'),
(1469, 102, 'STAG'),
(1470, 102, 'TR'),
(1471, 102, 'TR3'),
(1472, 102, 'TR4'),
(1473, 102, 'TR6'),
(1474, 103, 'ALTER'),
(1475, 104, '240'),
(1476, 104, '340'),
(1477, 104, '360'),
(1478, 104, '440'),
(1479, 104, '460'),
(1480, 104, '480'),
(1481, 104, '740'),
(1482, 104, '760'),
(1483, 104, '780'),
(1484, 104, '850'),
(1485, 104, '940'),
(1486, 104, '960'),
(1487, 104, 'C30'),
(1488, 104, 'C40'),
(1489, 104, 'C70'),
(1490, 104, 'CROSS COUNTRY'),
(1491, 104, 'S40'),
(1492, 104, 'S60'),
(1493, 104, 'S60 III'),
(1494, 104, 'S70'),
(1495, 104, 'S80'),
(1496, 104, 'S90'),
(1497, 104, 'V40'),
(1498, 104, 'V50'),
(1499, 104, 'V60'),
(1500, 104, 'V60 II'),
(1501, 104, 'V70'),
(1502, 104, 'V90'),
(1503, 104, 'XC40'),
(1504, 104, 'XC60'),
(1505, 104, 'XC70'),
(1506, 104, 'XC90'),
(1507, 105, 'JEEP'),
(1508, 106, '1100'),
(1509, 106, '128'),
(1510, 106, 'YUGO'),
(1511, 56, 'NIRO II'),
(1512, 77, 'X-TRAIL IV'),
(1513, 1, 'A5'),
(1514, 1, 'A6 III'),
(1515, 1, 'ALLROAD'),
(1516, 1, 'CABRIOLET'),
(1517, 2, 'SERIE 7'),
(1518, 2, 'X5'),
(1519, 2, 'Z1'),
(1520, 3, '2 CV'),
(1521, 3, 'AX'),
(1522, 3, 'C4 AIRCROSS'),
(1523, 3, 'C4 CACTUS');

-- --------------------------------------------------------

--
-- Structure de la table `queued`
--

CREATE TABLE `queued` (
  `id_queue` int UNSIGNED NOT NULL,
  `type` varchar(15) CHARACTER SET utf8mb4 COLLATE utf8mb4_unicode_ci NOT NULL,
  `template` longtext CHARACTER SET utf8mb4 COLLATE utf8mb4_unicode_ci,
  `created_at` datetime NOT NULL DEFAULT CURRENT_TIMESTAMP
) ENGINE=InnoDB DEFAULT CHARSET=utf8mb3;

--
-- Déchargement des données de la table `queued`
--

INSERT INTO `queued` (`id_queue`, `type`, `template`, `created_at`) VALUES
(96, 'sms', '{\"bodySMS\":\"Bonjour Jean Marie, votre rendez-vous du lundi 19 d\\u00e9cembre 2022 pour le v\\u00e9hicule immatricul\\u00e9 AA-456-AA vient d\'\\u00eatre confirm\\u00e9 sur notre plateforme. Merci pour votre confiance. Votre centre AFLAUTO.\",\"receiver\":\"0616506212\"}', '2022-12-17 18:20:35'),
(97, 'mail', '{\"subject\":\"Demande d\'information formulaire de contact - Geronimi Jean Marie\",\"body\":\"aa\",\"mail\":\"shadow.s3kir0@gmail.com\",\"reply\":\"jm.geronimi@gmail.com\"}', '2022-12-17 18:21:30'),
(98, 'mail', '{\"subject\":\"R\\u00e9cup\\u00e9ration de votre compte utilisateur\",\"body\":\"\\r\\n        <div style=\'background-color: #EFEFF3; border-radius: 5px; box-shadow: 2px 2px 10px black; padding: 10px\'>\\r\\n            <div style=\'display: flex; justify-content: center\'>\\r\\n                <img src=\'cid:logoMail.png\' alt=\'logo_aflauto\'\\/>\\r\\n            <\\/div>\\r\\n            <br>\\r\\n            Bonjour gilbert,\\r\\n            <br><br>\\r\\n             Vous avez oubli\\u00e9 votre mot de passe ?<br>\\r\\n            Nous avons re\\u00e7u une demande de r\\u00e9initialisation pour votre compte .\\r\\n            <br><br>\\r\\n            Pour pouvoir r\\u00e9cup\\u00e9rer ce dernier, veuillez cliquer sur le lien ci - dessous :\\r\\n            <br><br>\\r\\n            <button>\\r\\n                <a style = \'text-decoration: none;\' href = \'http:\\/\\/localhost\\/controle_tech\\/templates\\/change-password.html?token=RTxWE02!Ho@bPbHroOlWKOxcqk588w\'><b> R\\u00e9cup\\u00e9ration de mon compte <\\/b ><\\/a >\\r\\n            <\\/button>\\r\\n            <br><br><br>\\r\\n            Ou copier et coller cette URL dans la barre de recherche de votre navigateur :<br>\\r\\n            <a href=\'http:\\/\\/localhost\\/controle_tech\\/templates\\/change-password.html?token=RTxWE02!Ho@bPbHroOlWKOxcqk588w\'> http:\\/\\/localhost\\/controle_tech\\/templates\\/change-password.html?token=RTxWE02!Ho@bPbHroOlWKOxcqk588w<\\/a>\\r\\n            <br><br><br>\\r\\n            L\'\\u00e9quipe d\'<a style=\'text-decoration: none; color: black\' href= \'http:\\/\\/localhost\\/controle_tech\\/templates\\/\' target=\'_blank\' ><b>Afl<span style=\'color: #4bbf73\'>A<\\/span>uto<\\/b><\\/a>.\\r\\n            <br><br>\\r\\n            <p>\\u260e\\ufe0f 06.00.00.00.01<\\/p>\\r\\n            \\ud83c\\udf10<a href=\'http:\\/\\/localhost\\/controle_tech\\/templates\\/\' target = \'_blank\'> Aflauto.com<\\/a>\\r\\n        <\\/div>\\r\\n            \",\"mail\":\"jm.geronimi@gmail.com\"}', '2022-12-17 18:21:40'),
(99, 'mail', '{\"subject\":\"Confirmation de votre inscription\",\"body\":\"\\r\\n            <div style=\'background-color: #EFEFF3; border-radius: 5px; box-shadow: 2px 2px 10px black; padding: 10px\'>\\r\\n                <div style=\'display: flex; justify-content: center\'>\\r\\n                    <img src=\'cid:logoMail.png\' alt=\'logo_aflauto\'\\/>\\r\\n                <\\/div>\\r\\n                <br>\\r\\n                    Bonjour Mr. Geronimi,\\r\\n                <br><br>\\r\\n               Votre inscription sur Alfauto.com a \\u00e9t\\u00e9 valid\\u00e9e !\\r\\n                <br><br>\\r\\n                Vous pouvez d\\u00e8s \\u00e0 pr\\u00e9sent vous connecter sur votre espace personnel\\r\\n                <br>\\r\\n                en utilisant votre adresse mail:  jm.geronimi@gmail.de\\r\\n                <br><br>\\r\\n                <a  \\r\\n                href=\'http:\\/\\/localhost\\/controle_tech\\/templates\\/\' \\r\\n                target = \'_blank\'>Je me connecte \\u00e0 mon espace\\r\\n                <\\/a>\\r\\n                <br><br><br>\\r\\n                L\'\\u00e9quipe d\'<a style=\'text-decoration: none; color: black\' \\r\\n                            href=\'http:\\/\\/localhost\\/controle_tech\\/templates\\/\' \\r\\n                            target = \'_blank\'><b>Afl<span style = \'color: #4bbf73\'>A<\\/span>uto<\\/b>\\r\\n                            <\\/a> vous remercie et esp\\u00e8re vous voir lors de vos prochains contr\\u00f4le technique.\\r\\n                <br><br>\\r\\n                <p>\\u260e\\ufe0f 06.00.00.00.01<\\/p>\\r\\n                \\ud83c\\udf10<a href=\'http:\\/\\/localhost\\/controle_tech\\/templates\\/\' target = \'_blank\'> Aflauto.com<\\/a>\\r\\n            <\\/div>\\r\\n            \",\"mail\":\"jm.geronimi@gmail.de\"}', '2022-12-17 18:22:37'),
(100, 'sms', '{\"bodySMS\":\"Bonjour gilbert, voici votre code SMS pour la connexion \\u00e0 votre compte AFLAUTO : 7477\",\"receiver\":\"0677004692\"}', '2022-12-17 18:24:10'),
(101, 'sms', '{\"bodySMS\":\"Bonjour gilbert, votre rendez-vous du lundi 19 d\\u00e9cembre 2022 pour le v\\u00e9hicule immatricul\\u00e9 AV-258-AM vient d\'\\u00eatre confirm\\u00e9 sur notre plateforme. Merci pour votre confiance. Votre centre AFLAUTO.\",\"receiver\":\"0677004692\"}', '2022-12-17 18:26:10'),
(102, 'mail', '{\"subject\":\"Information concernant votre intervention\",\"body\":\"\\r\\n        <div style=\'background-color: #EFEFF3; border-radius: 5px; box-shadow: 2px 2px 10px black; padding: 10px\'>\\r\\n            <div style=\'display: flex; justify-content: center\'>\\r\\n                <img src=\'cid:logoMail.png\' alt=\'logo_aflauto\'\\/>\\r\\n            <\\/div>\\r\\n            <br>\\r\\n            Bonjour gilbert,\\r\\n            <br><br>\\r\\n            La demande d\'annulation de votre rendez-vous du <b>19\\/12\\/2022 \\u00e0 10:00<\\/b> pour le v\\u00e9hicule immatricul\\u00e9 <b>AV-258-AM<\\/b> a bien \\u00e9t\\u00e9 prise en compte !\\r\\n            <br><br>\\r\\n            Nous esp\\u00e9rons vous revoir prochainement pour le suivi de vos v\\u00e9hicules.\\r\\n            <br><br><br>\\r\\n            L\'\\u00e9quipe d\'<a style=\'text - decoration: none; color: black\' href=\'http:\\/\\/localhost\\/controle_tech\\/templates\\/\' target=\'_blank\'><b>Afl<span style=\'color: #4bbf73\'>A<\\/span>uto<\\/b><\\/a>.\\r\\n            <br><br>\\r\\n            <p>\\u260e\\ufe0f 06.00.00.00.01<\\/p>\\r\\n            \\ud83c\\udf10 <a href=\'http:\\/\\/localhost\\/controle_tech\\/templates\\/\' target=\'_blank\'>Aflauto.com<\\/a>\\r\\n        <\\/div>\\r\\n        \",\"mail\":\"jm.geronimi@gmail.com\"}', '2022-12-17 18:26:12');

-- --------------------------------------------------------

--
-- Structure de la table `request`
--

CREATE TABLE `request` (
  `id_request` int UNSIGNED NOT NULL,
  `id_user` int NOT NULL,
  `hash` varchar(40) CHARACTER SET utf8mb4 COLLATE utf8mb4_unicode_ci NOT NULL,
  `state` tinyint(1) NOT NULL DEFAULT '0'
) ENGINE=InnoDB DEFAULT CHARSET=utf8mb3;

--
-- Déchargement des données de la table `request`
--

INSERT INTO `request` (`id_request`, `id_user`, `hash`, `state`) VALUES
(4, 18, 'RTxWE02!Ho@bPbHroOlWKOxcqk588w', 0);

-- --------------------------------------------------------

--
-- Structure de la table `settings`
--

CREATE TABLE `settings` (
  `id_settings` int NOT NULL,
  `slot_interval` int DEFAULT NULL,
  `start_time_am` int DEFAULT NULL,
  `end_time_am` int DEFAULT NULL,
  `start_time_pm` int DEFAULT NULL,
  `end_time_pm` int DEFAULT NULL,
  `nb_lifts` int NOT NULL DEFAULT '3',
  `coordinates` longtext CHARACTER SET utf8mb4 COLLATE utf8mb4_bin
) ;

--
-- Déchargement des données de la table `settings`
--

INSERT INTO `settings` (`id_settings`, `slot_interval`, `start_time_am`, `end_time_am`, `start_time_pm`, `end_time_pm`, `nb_lifts`, `coordinates`) VALUES
(1, 3600, 28800, NULL, NULL, 64800, 3, '{\"aflo_aja\": {\"lat\": 41.966247516429775, \"lng\": 8.814473884655465, \"addr\": \"Centre professionnel A Stella, Lieu-dit Effrico, 20167 Sarrola-Carcopino\"}, \"aflo_bia\": {\"lat\": 42.64775875126715, \"lng\": 9.436714339953756, \"addr\": \"Centre professionnel A Murza, Chem. de Canale, 20600 Furiani\"}}');

-- --------------------------------------------------------

--
-- Structure de la table `sms`
--

CREATE TABLE `sms` (
  `id_sms` int UNSIGNED NOT NULL,
  `id_user` int NOT NULL,
  `code` int NOT NULL,
  `state` tinyint(1) NOT NULL DEFAULT '0',
  `generated_at` datetime NOT NULL DEFAULT CURRENT_TIMESTAMP
) ENGINE=InnoDB DEFAULT CHARSET=utf8mb3;

--
-- Déchargement des données de la table `sms`
--

INSERT INTO `sms` (`id_sms`, `id_user`, `code`, `state`, `generated_at`) VALUES
(21, 18, 7477, 1, '2022-12-17 18:24:10');

-- --------------------------------------------------------

--
-- Structure de la table `traces`
--

CREATE TABLE `traces` (
  `id_traces` int UNSIGNED NOT NULL,
  `id_user` int NOT NULL,
  `type` varchar(255) CHARACTER SET utf8mb4 COLLATE utf8mb4_unicode_ci NOT NULL,
  `action` varchar(255) CHARACTER SET utf8mb4 COLLATE utf8mb4_unicode_ci NOT NULL,
  `triggered_at` datetime NOT NULL DEFAULT CURRENT_TIMESTAMP
) ENGINE=InnoDB DEFAULT CHARSET=utf8mb3;

--
-- Déchargement des données de la table `traces`
--

INSERT INTO `traces` (`id_traces`, `id_user`, `type`, `action`, `triggered_at`) VALUES
(60, 25, 'intervention', 'new', '2022-12-17 18:19:47'),
(61, 26, 'intervention', 'new', '2022-12-17 18:20:35'),
(62, 27, 'account', 'new', '2022-12-17 18:22:37'),
(63, 18, 'account', 'logged', '2022-12-17 18:23:38'),
(64, 18, 'security', 'a2f-enabled', '2022-12-17 18:23:55'),
(65, 18, 'session', 'logout', '2022-12-17 18:24:03'),
(66, 18, 'session', 'logged', '2022-12-17 18:24:43'),
(67, 18, 'security', 'a2f-disabled', '2022-12-17 18:24:48'),
(68, 18, 'session', 'logout', '2022-12-17 18:24:53'),
(69, 18, 'password', 'update', '2022-12-17 18:25:41'),
(70, 18, 'account', 'logged', '2022-12-17 18:25:45'),
(71, 18, 'car', 'new', '2022-12-17 18:26:03'),
(72, 18, 'intervention', 'new', '2022-12-17 18:26:10'),
(73, 18, 'intervention', 'canceled', '2022-12-17 18:26:12'),
(74, 18, 'car', 'delete', '2022-12-17 18:26:14'),
(75, 18, 'car', 'new', '2022-12-17 18:26:26'),
(76, 18, 'file', 'upload', '2022-12-17 18:26:47');

-- --------------------------------------------------------

--
-- Structure de la table `uploads`
--

CREATE TABLE `uploads` (
  `id_upload` int NOT NULL,
  `file_name` varchar(255) NOT NULL,
  `id_vehicule` int NOT NULL,
  `submitted_on` datetime NOT NULL DEFAULT CURRENT_TIMESTAMP
) ENGINE=InnoDB DEFAULT CHARSET=utf8mb3;

--
-- Déchargement des données de la table `uploads`
--

INSERT INTO `uploads` (`id_upload`, `file_name`, `id_vehicule`, `submitted_on`) VALUES
(4, 'VWFIWWgzK3FIR3ZZU0lvT2VRbTZ4YzVOcFlVNFlRekgzZzlQQytCKzV6YklDOG9JS013OVN5NTNNaDVPSXJzKzo6LyidC4MIH8H/5hQILwVZow==', 49, '2022-12-17 18:26:47');

-- --------------------------------------------------------

--
-- Structure de la table `users`
--

CREATE TABLE `users` (
  `id_user` int NOT NULL,
  `civilite_user` varchar(15) NOT NULL,
  `nom_user` varchar(255) NOT NULL,
  `prenom_user` varchar(255) NOT NULL,
  `telephone_user` varchar(15) NOT NULL,
  `email_user` varchar(50) NOT NULL,
  `adresse_user` longtext,
  `password_user` varchar(350) NOT NULL,
  `type` varchar(15) NOT NULL,
  `pwdExp_user` datetime DEFAULT NULL,
  `a2f` tinyint(1) DEFAULT '0',
  `created_date` datetime NOT NULL DEFAULT CURRENT_TIMESTAMP,
  `hash` varchar(40) DEFAULT NULL,
  `is_active` tinyint NOT NULL DEFAULT '1',
  `img_profile` longtext
) ENGINE=InnoDB DEFAULT CHARSET=utf8mb3;

--
-- Déchargement des données de la table `users`
--

INSERT INTO `users` (`id_user`, `civilite_user`, `nom_user`, `prenom_user`, `telephone_user`, `email_user`, `adresse_user`, `password_user`, `type`, `pwdExp_user`, `a2f`, `created_date`, `hash`, `is_active`, `img_profile`) VALUES
(18, 'Mr', 'leclient', 'gilbert', '0677004692', 'jm.geronimi@gmail.com', 'ici', '$2y$10$/4jy8.9fOpR7wE6qIrj8BuIx3Ha.jrgecnZtqFzj3orzqGeGZqzx.', 'client', '2022-12-18 00:00:00', 0, '2022-09-21 10:16:53', 'zU3W3NMWjQwe#Qa?0T?QNrOl3?9Zw!', 1, ''),
(19, 'Mr', 'technicien', 'jean-michel', '0987676545', 'b@b.fr', '', '$2y$10$BjNAtcQ6Tk/NURQtbpFbLup9P0Fv4y1XktpS5HJEj0gz9buWL1C5q', 'technicien', '2026-09-22 00:00:00', 0, '2022-09-21 10:35:25', 'EjdVJ@#oxIEWv4CvSSlwipNGvwb9th', 1, NULL),
(23, 'Mr', 'Geronimi', 'Jean Marie', '0616506212', 'jm.geronimi@gmail.aaaa', NULL, '$2y$10$0zp4l/sQAjxqBj9kT4Rt2eLVEA19SnHv8DXdFKY30mc0NAjtZRIQ2', 'temp', '2022-12-18 00:00:00', 0, '2022-12-17 18:18:37', '', 1, NULL),
(24, 'Mr', 'Geronimi', 'Jean Marie', '0616506212', 'jm.geronimi@gmail.aaaa', NULL, '$2y$10$zKEWGRN/RKGd7xClo8B09uv0kAiTPpcPqeH6D3dSAdnZ/wqCoG9O2', 'temp', '2022-12-18 00:00:00', 0, '2022-12-17 18:19:02', '', 1, NULL),
(25, 'Mr', 'Geronimi', 'Jean Marie', '0616506212', 'jm.geronimi@gmail.aaaa', NULL, '$2y$10$hz.fF/XgXDIBwNl/Q3bbMO9jYjiVTgg4XJpqlS6MwuLldLLq3fcZC', 'temp', '2022-12-18 00:00:00', 0, '2022-12-17 18:19:47', '', 1, NULL),
(26, 'Mr', 'Geronimi', 'Jean Marie', '0616506212', 'jm.geronimi@gmail.aaaaa', NULL, '$2y$10$B205qXWiphwutPiBaiJst.OihagnIglvg2oOyEdCyUUxA/pyaSBVS', 'temp', '2022-12-18 00:00:00', 0, '2022-12-17 18:20:35', '', 1, NULL),
(27, 'Mr', 'Geronimi', 'Jean Marie', '0645787878', 'jm.geronimi@gmail.de', NULL, '$2y$10$sCZfTEJA1hCqVdbr3J9ndOIKwk8mD4Ii4XNI/3firnHokLYAEa6P2', 'client', '2022-12-18 00:00:00', 0, '2022-12-17 18:22:37', 'A28m$l$X#bSe9yKInMcJu3$$!uFf9H', 1, NULL);

-- --------------------------------------------------------

--
-- Structure de la table `vehicules`
--

CREATE TABLE `vehicules` (
  `id_vehicule` int NOT NULL,
  `id_user` int NOT NULL,
  `id_modele` int NOT NULL,
  `immat_vehicule` varchar(11) NOT NULL,
  `annee_vehicule` int NOT NULL,
  `carburant_vehicule` varchar(35) NOT NULL,
  `infos_vehicule` longtext,
  `owned` tinyint(1) NOT NULL DEFAULT '1'
) ENGINE=InnoDB DEFAULT CHARSET=utf8mb3;

--
-- Déchargement des données de la table `vehicules`
--

INSERT INTO `vehicules` (`id_vehicule`, `id_user`, `id_modele`, `immat_vehicule`, `annee_vehicule`, `carburant_vehicule`, `infos_vehicule`, `owned`) VALUES
(44, 23, 68, 'AV-258-AF', 2012, 'Essence', NULL, 0),
(45, 24, 68, 'AV-258-AV', 2012, 'Essence', NULL, 0),
(46, 25, 68, 'AV-258-AH', 2012, 'Essence', NULL, 0),
(47, 26, 752, 'AA-456-AA', 2004, 'Diesel', NULL, 0),
(48, 18, 696, 'AV-258-AM', 2012, 'Electrique', '', 0),
(49, 18, 694, 'DD-456-DD', 2020, 'Electrique', NULL, 1);

--
-- Index pour les tables déchargées
--

--
-- Index pour la table `controle_tech`
--
ALTER TABLE `controle_tech`
  ADD PRIMARY KEY (`id_controle`),
  ADD KEY `id_user` (`id_user`),
  ADD KEY `id_vehicule` (`id_vehicule`);

--
-- Index pour la table `login_attempts`
--
ALTER TABLE `login_attempts`
  ADD PRIMARY KEY (`id_login_attempt`),
  ADD KEY `id_user` (`id_user`);

--
-- Index pour la table `marques`
--
ALTER TABLE `marques`
  ADD PRIMARY KEY (`id_marque`);

--
-- Index pour la table `modeles`
--
ALTER TABLE `modeles`
  ADD PRIMARY KEY (`id_modele`),
  ADD KEY `id_marque` (`id_marque`);

--
-- Index pour la table `queued`
--
ALTER TABLE `queued`
  ADD PRIMARY KEY (`id_queue`);

--
-- Index pour la table `request`
--
ALTER TABLE `request`
  ADD PRIMARY KEY (`id_request`),
  ADD KEY `id_user` (`id_user`);

--
-- Index pour la table `settings`
--
ALTER TABLE `settings`
  ADD PRIMARY KEY (`id_settings`);

--
-- Index pour la table `sms`
--
ALTER TABLE `sms`
  ADD PRIMARY KEY (`id_sms`),
  ADD KEY `id_user` (`id_user`);

--
-- Index pour la table `traces`
--
ALTER TABLE `traces`
  ADD PRIMARY KEY (`id_traces`);

--
-- Index pour la table `uploads`
--
ALTER TABLE `uploads`
  ADD PRIMARY KEY (`id_upload`),
  ADD KEY `id_vehicule` (`id_vehicule`);

--
-- Index pour la table `users`
--
ALTER TABLE `users`
  ADD PRIMARY KEY (`id_user`);

--
-- Index pour la table `vehicules`
--
ALTER TABLE `vehicules`
  ADD PRIMARY KEY (`id_vehicule`),
  ADD KEY `id_modele` (`id_modele`),
  ADD KEY `id_user` (`id_user`);

--
-- AUTO_INCREMENT pour les tables déchargées
--

--
-- AUTO_INCREMENT pour la table `controle_tech`
--
ALTER TABLE `controle_tech`
  MODIFY `id_controle` int NOT NULL AUTO_INCREMENT, AUTO_INCREMENT=68;

--
-- AUTO_INCREMENT pour la table `login_attempts`
--
ALTER TABLE `login_attempts`
  MODIFY `id_login_attempt` int UNSIGNED NOT NULL AUTO_INCREMENT, AUTO_INCREMENT=37;

--
-- AUTO_INCREMENT pour la table `marques`
--
ALTER TABLE `marques`
  MODIFY `id_marque` int NOT NULL AUTO_INCREMENT, AUTO_INCREMENT=108;

--
-- AUTO_INCREMENT pour la table `modeles`
--
ALTER TABLE `modeles`
  MODIFY `id_modele` int NOT NULL AUTO_INCREMENT, AUTO_INCREMENT=1524;

--
-- AUTO_INCREMENT pour la table `queued`
--
ALTER TABLE `queued`
  MODIFY `id_queue` int UNSIGNED NOT NULL AUTO_INCREMENT, AUTO_INCREMENT=103;

--
-- AUTO_INCREMENT pour la table `request`
--
ALTER TABLE `request`
  MODIFY `id_request` int UNSIGNED NOT NULL AUTO_INCREMENT, AUTO_INCREMENT=5;

--
-- AUTO_INCREMENT pour la table `settings`
--
ALTER TABLE `settings`
  MODIFY `id_settings` int NOT NULL AUTO_INCREMENT;

--
-- AUTO_INCREMENT pour la table `sms`
--
ALTER TABLE `sms`
  MODIFY `id_sms` int UNSIGNED NOT NULL AUTO_INCREMENT, AUTO_INCREMENT=22;

--
-- AUTO_INCREMENT pour la table `traces`
--
ALTER TABLE `traces`
  MODIFY `id_traces` int UNSIGNED NOT NULL AUTO_INCREMENT, AUTO_INCREMENT=77;

--
-- AUTO_INCREMENT pour la table `uploads`
--
ALTER TABLE `uploads`
  MODIFY `id_upload` int NOT NULL AUTO_INCREMENT, AUTO_INCREMENT=5;

--
-- AUTO_INCREMENT pour la table `users`
--
ALTER TABLE `users`
  MODIFY `id_user` int NOT NULL AUTO_INCREMENT, AUTO_INCREMENT=28;

--
-- AUTO_INCREMENT pour la table `vehicules`
--
ALTER TABLE `vehicules`
  MODIFY `id_vehicule` int NOT NULL AUTO_INCREMENT, AUTO_INCREMENT=50;

--
-- Contraintes pour les tables déchargées
--

--
-- Contraintes pour la table `controle_tech`
--
ALTER TABLE `controle_tech`
  ADD CONSTRAINT `controle_tech_ibfk_2` FOREIGN KEY (`id_vehicule`) REFERENCES `vehicules` (`id_vehicule`),
  ADD CONSTRAINT `controle_tech_ibfk_3` FOREIGN KEY (`id_user`) REFERENCES `users` (`id_user`) ON DELETE CASCADE ON UPDATE CASCADE;

--
-- Contraintes pour la table `login_attempts`
--
ALTER TABLE `login_attempts`
  ADD CONSTRAINT `login_attempts_ibfk_1` FOREIGN KEY (`id_user`) REFERENCES `users` (`id_user`) ON DELETE CASCADE ON UPDATE CASCADE;

--
-- Contraintes pour la table `modeles`
--
ALTER TABLE `modeles`
  ADD CONSTRAINT `modeles_ibfk_1` FOREIGN KEY (`id_marque`) REFERENCES `marques` (`id_marque`);

--
-- Contraintes pour la table `request`
--
ALTER TABLE `request`
  ADD CONSTRAINT `request_ibfk_1` FOREIGN KEY (`id_user`) REFERENCES `users` (`id_user`) ON DELETE CASCADE ON UPDATE CASCADE;

--
-- Contraintes pour la table `sms`
--
ALTER TABLE `sms`
  ADD CONSTRAINT `sms_ibfk_1` FOREIGN KEY (`id_user`) REFERENCES `users` (`id_user`) ON DELETE CASCADE ON UPDATE CASCADE;

--
-- Contraintes pour la table `vehicules`
--
ALTER TABLE `vehicules`
  ADD CONSTRAINT `vehicules_ibfk_1` FOREIGN KEY (`id_modele`) REFERENCES `modeles` (`id_modele`),
  ADD CONSTRAINT `vehicules_ibfk_2` FOREIGN KEY (`id_user`) REFERENCES `users` (`id_user`) ON DELETE CASCADE ON UPDATE CASCADE;
COMMIT;

/*!40101 SET CHARACTER_SET_CLIENT=@OLD_CHARACTER_SET_CLIENT */;
/*!40101 SET CHARACTER_SET_RESULTS=@OLD_CHARACTER_SET_RESULTS */;
/*!40101 SET COLLATION_CONNECTION=@OLD_COLLATION_CONNECTION */;
